id,email,first_name,second_name,form_sent
8,leonella0404@gmail.com,Lina,Snadli,TRUE
9,gregory.foley@hec.ca,Grégory,Foley,TRUE
10,raiane.naceur@polymtl.ca,Ryan,Naceur,TRUE
11,hoang.quan.tran.1@umontreal.ca,Quan,Tran,TRUE
12,roman1.stihin@gmail.com,Roman ,Stikhin ,TRUE
13,nha-thi.vuong@etud.polymtl.ca,Nha-Thi,Vuong,TRUE
15,justin.gauthier@etud.polymtl.ca,Justin,Gauthier,TRUE
14,maxime.fromentin@mila.quebec,Maxime,Fromentin,TRUE
16,elias.kassas@etud.polymtl.ca,Elias,Kassas,TRUE
17,leacherifi06@gmail.com,Lea,Cherifi,TRUE
18,amelie.mei@icloud.com,Amélie,Bertrand,TRUE
19,yasmine.el-hachimi@etud.polymtl.ca,Yasmine,El Hachimi,TRUE
20,yassine2sawab@gmail.com,Yassine,Essaouab,TRUE
21,victor.paul-hus-cote@polymtl.ca,Victor,Paul-Hus-Côté,TRUE
22,emma.romanica@etud.polymtl.ca,Emma,Romanica,TRUE